利用日,利用店名・商品名,利用者,支払方法,利用金額
2025/04/28,APPLE COM BILL,本人,1回払い,650.0
2025/04/28,APPLE COM BILL,本人,1回払い,160.0
2025/04/28,APPLE COM BILL,本人,1回払い,650.0
2025/04/23,APPLE COM BILL,本人,1回払い,650.0
2025/04/23,APPLE COM BILL,本人,1回払い,650.0
2025/04/23,APPLE COM BILL,本人,1回払い,160.0
2025/04/15,APPLE COM BILL,本人,1回払い,160.0
2025/04/15,APPLE COM BILL,本人,1回払い,160.0
2025/04/11,APPLE COM BILL,本人,1回払い,980.0
2025/04/06,APPLE COM BILL,本人,1回払い,150.0
2025/05/11,APPLE COM BILL,本人,1回払い,980.0
2025/05/06,APPLE COM BILL,本人,1回払い,150.0
2025/06/23,マスター国内利用　MZZ APPLE COM BILL,本人,1回払い,1200.0
2025/06/23,マスター国内利用　MZZ APPLE COM BILL,本人,1回払い,2840.0
2025/06/23,マスター国内利用　MZZ APPLE COM BILL,本人,1回払い,1200.0
2025/06/23,マスター国内利用　MZZ APPLE COM BILL,本人,1回払い,1200.0
2025/06/23,マスター国内利用　MZZ APPLE COM BILL,本人,1回払い,2400.0
2025/06/20,マスター国内利用　MZZ APPLE COM BILL,本人,1回払い,1000.0
2025/06/20,マスター国内利用　MZZ APPLE COM BILL,本人,1回払い,1000.0
2025/06/20,マスター国内利用　MZZ APPLE COM BILL,本人,1回払い,320.0
2025/06/20,マスター国内利用　MZZ APPLE COM BILL,本人,1回払い,1000.0
2025/06/19,マスター国内利用　MZZ APPLE COM BILL,本人,1回払い,2320.0
2025/06/19,マスター国内利用　MZZ APPLE COM BILL,本人,1回払い,2000.0
2025/06/17,マスター国内利用　MZZ APPLE COM BILL,本人,1回払い,1320.0
2025/06/17,マスター国内利用　MZZ APPLE COM BILL,本人,1回払い,2000.0
2025/06/17,マスター国内利用　MZZ APPLE COM BILL,本人,1回払い,1000.0
2025/06/17,マスター国内利用　MZZ APPLE COM BILL,本人,1回払い,4000.0
2025/06/13,マスター国内利用　MZZ APPLE COM BILL,本人,1回払い,2720.0
2025/06/13,マスター国内利用　MZZ APPLE COM BILL,本人,1回払い,2400.0
2025/06/13,マスター国内利用　MZZ APPLE COM BILL,本人,1回払い,1200.0
2025/06/13,マスター国内利用　MZZ APPLE COM BILL,本人,1回払い,1200.0
2025/06/12,マスター国内利用　MZZ APPLE COM BILL,本人,1回払い,320.0
2025/06/11,マスター国内利用　MZZ APPLE COM BILL,本人,1回払い,3700.0
2025/06/11,マスター国内利用　MZZ APPLE COM BILL,本人,1回払い,2400.0
2025/06/10,マスター国内利用　MZZ APPLE COM BILL,本人,1回払い,160.0
2025/06/10,マスター国内利用　MZZ APPLE COM BILL,本人,1回払い,160.0
2025/06/10,マスター国内利用　MZZ APPLE COM BILL,本人,1回払い,1200.0
2025/06/10,マスター国内利用　MZZ APPLE COM BILL,本人,1回払い,1200.0
2025/06/10,マスター国内利用　MZZ APPLE COM BILL,本人,1回払い,1200.0
2025/06/10,マスター国内利用　MZZ APPLE COM BILL,本人,1回払い,1200.0
2025/06/10,マスター国内利用　MZZ APPLE COM BILL,本人,1回払い,2400.0
2025/06/06,マスター国内利用　MZZ APPLE COM BILL,本人,1回払い,150.0
2025/06/03,マスター国内利用　MZZ APPLE COM BILL,本人,1回払い,480.0
2025/06/03,マスター国内利用　MZZ APPLE COM BILL,本人,1回払い,160.0
2025/06/03,マスター国内利用　MZZ APPLE COM BILL,本人,1回払い,160.0
